Type Description,Correlation Coefficient
CELLULAR OPEN LINE,0.9231699674549843
ASSAULT (IN PROGRESS): KNIFE/LTD ACC HWY,0.8962526629133046
DISPUTE: KNIFE/SCHOOL,0.7559484292461406
ROBBERY (PAST): COMMERCIAL/TRANSIT,nan
OTHER CRIMES (IN PROGRESS): VIOL ORDER PROTECT/SCHOOL,0.8662838304562278
FIRE: COMMERCIAL/TRANSIT,0.6634248244457264
ASSIST AMB: CARRY CASE/ LTD ACC HWY,0.5013510918525393
PO/SECURITY HOLDING SUSPECT: UNIFORM/SCHOOL,0.3368409262107612
AMBULANCE CASE: OTHER/SCHOOL,0.29513908067193256
ALARMS: OTHER/TRANSIT,nan
ASSAULT (PAST): SHOTS/FAMILY,nan
ASSAULT (PAST): SHOTS/TRANSIT,nan
USPS BIOHAZARD DETECTION SYSTEM,nan
ASSIST AMB: DISPUTE/LTD ACC HWY,0.8193368624869866
BURGLARY (PAST): COMMERCIAL/TRANSIT,0.7121538124212323
ASSIST POLICE OFFICER: UNKNOWN/SCHOOL,0.39990249255291244
SUSP PACKAGE: SCHOOL,0.22229162677950673
OTHER CRIMES (PAST): OTHER/LTD ACC HWY,0.177418093784546
ALARMS: COMMERCIAL/TRANSIT,0.10753124122947348
OTHER CRIMES (IN PROGRESS): VIOL ORDER PROTECT/LTD ACC HWY,nan
ASSAULT (PAST): WEAPON/LTD ACC HWY,-1.0
DISPUTE: VIOL ORDER PROTECT/LTD ACC HWY,nan
ROTATIONAL TOW,1.0
LARCENY (PAST): VEHICLE/SCHOOL,nan
SUSP LETTER: SCHOOL,1.0
LARCENY (IN PROGRESS): FROM PERSON/SCHOOL,1.0
UTILITY TROUBLE (SPECIFY): SCHOOL,1.0
AMBULANCE CASE: BURN SERIOUS/TRANSIT,0.7786895559629632
ASSIST POLICE OFFICER: UNIFORM/SCHOOL,0.6668183502027871
ROBBERY (PAST): OTHER/LTD ACC HWY,0.6136643933654892
HAZ MAT: SCHOOL,0.5205225924374688
TRAIN ORDER MAINTENANCE SWEEP (TOMS),0.49014477479360125
ALARMS: AUDIBLE/LTD ACC HWY,0.4738944349718721
ROBBERY (IN PROGRESS): OTHER/SCHOOL,0.4690919095049225
AMBULANCE CASE: HEAVY BLEEDING/LTD ACC HWY,0.43124361477841705
ROBBERY (PAST): OTHER/SCHOOL,0.4090400354993958
OTHER NON-CRIME INCIDENT: NARCO SALE/OUTSIDE,0.40080908905400126
OTHER CRIMES (IN PROGRESS): TRESPASS/SCHOOL,0.35214767885783793
HOUSE OF WORSHIP VISIT,0.3513356826159706
HANG UP,0.3435632427660286
AMBULANCE CASE: RESCUE/LTD ACC HWY,0.3300250897387245
COMMUNITY TIME,0.3192936899930961
OTHER CRIMES (PAST): OTHER/SCHOOL,0.3113161797175085
ASSAULT (PAST): WEAPON/SCHOOL,0.26929720641368327
OTHER CRIMES (IN PROGRESS): VIOL ORDER PROTECT/TRANSIT,0.26055672202472313
LARCENY (IN PROGRESS): OTHER/LTD ACC HWY,0.2567368393748163
ASSAULT (IN PROGRESS): SHOTS/CHILD,0.2500389288399045
INVESTIGATE/POSSIBLE CRIME: SHOTS FIRED/SCHOOL,0.24150455098593707
OTHER CRIMES (PAST): HARASSMENT/LTD ACC HWY,0.2402167298660992
PRANK,0.2401084437745689
YOUTH HOME VISIT,0.23285108820571665
ROBBERY (IN PROGRESS): COMMERCIAL/TRANSIT,0.21238704713764445
AMBULANCE CASE: HEAVY BLEEDING/SCHOOL,0.2121754650309561
EMS REQ ASSIST/INSIDE,0.21201345457062862
SHOT SPOTTER,0.1891152321095003
VEHICLE ACCIDENT: DISPUTE,0.18475951889660047
INVESTIGATE/POSSIBLE CRIME: OTHER/LTD ACC HWY,0.1836577247853037
BURGLARY (IN PROGRESS): OTHER/TRANSIT,0.18105205130157165
DISPUTE: SCHOOL,0.17981110612509443
FIRE: VACANT,0.16947540271458666
ASSAULT (PAST): WEAPON/CHILD ABUSE,0.16790683867503103
SEE COMPLAINANT: 85 - MOS/LTD ACC HWY,0.16426758447525047
DISABLED VEHICLE,0.1636841206027536
DISPUTE: VIOL ORDER PROTECT/SCHOOL,0.16198010136067573
FIRE: EXPLOSION/LTD ACC HWY,0.15979687113138602
OTHER CRIMES (IN PROGRESS): TRESPASS/TRANSIT,0.15106055572670968
ALARMS: BANK/BURGLARY,0.15054694555012627
VEHICLE ACCIDENT: PROPERTY ONLY/LTD ACC HWY,0.14722693821204355
ASSAULT (PAST): KNIFE/FAMILY,0.1444488250660227
PO/SECURITY HOLDING SUSPECT: CIV CLOTHES/OUTSIDE,0.14107887117454193
TRAFFIC SAFETY,0.14034038642363914
FIRE: OTHER/LTD ACC HWY,0.13734438758344955
VEHICLE ACCIDENT: PROPERTY ONLY,0.13530421215189845
ASSIST AMB: CARRY CASE,0.1351559591488505
SEE COMPLAINANT: 85 - MOS/SCHOOL,0.13425410202745172
VEHICLE ACCIDENT: PERSON PINNED/LTD ACC HWY,0.126637037242912
DISORDERLY: PERSON/INSIDE,0.1264481518451717
ROVING BAND,0.12140024028410733
VEHICLE ACCIDENT: SPECIAL CONDITION,0.1203755586267614
FIRE: OUTSIDE RUBBISH/LTD ACC HWY,0.1186368267383664
EMS REQ ASSIST/OUTSIDE,0.11240043765851435
INVESTIGATE/POSSIBLE CRIME: FIREARM/LTD ACC HWY,0.10721167351716675
DISPUTE: FIREARM/TRANSIT,0.10670262313212565
BURGLARY (PAST): OTHER/SCHOOL,0.10644315026550498
ASSAULT (IN PROGRESS): OTHER/SCHOOL,0.10377990683499486
UTILITY TROUBLE (SPECIFY): TRANSIT,0.10324981101279258
INVESTIGATE/POSSIBLE CRIME: MARIJUANA/LMT AC HWY,0.10290679727377937
SUSP SUBSTANCE: INSIDE,0.09349001564160676
ASSAULT (PAST): SHOTS/OUTSIDE,0.08915559924376622
TRAFFIC/PARKING COND: LTD ACC HWY,0.08613093209641326
VEHICLE ACCIDENT: INJURY,0.08439609281930455
ALARMS: BANK/HOLDUP,0.08360452955030492
ROBBERY (IN PROGRESS): OTHER/TRANSIT,0.08279815347356712
AMBULANCE CASE: OTHER/INSIDE,0.08228231230227012
INVESTIGATE/POSSIBLE CRIME: SHOTS/LTD ACC HWY,0.08201119528937488
AMBULANCE CASE: CARDIAC/LTD ACC HWY,0.07921661072508575
ROBBERY (PAST): BANK,0.07912644378040233
ASSAULT (IN PROGRESS): SHOTS/TRANSIT,0.07679874260737687
INVESTIGATE/POSSIBLE CRIME: SHOTS FIRED/INSIDE,0.0754947886299527
ASSIST POLICE OFFICER: UNKNOWN/TRANSIT,0.07510563933973004
BURGLARY (PAST): OTHER/TRANSIT,0.06592676989471886
IAB,0.06549211999573817
DISPUTE: INSIDE,0.0648367361307438
VISIBILITY PATROL: FAMILY/HOME VISIT,0.06453817521676374
ASSAULT (IN PROGRESS): SHOTS/INSIDE,0.06440060964201481
SUSP LETTER: OUTSIDE,0.0639806747059221
INVESTIGATE/POSSIBLE CRIME: MARIJUANA/SCHOOL,0.06380220132120815
SEE COMPLAINANT: ACS WORKER/OUT,0.06342477831237149
TRAIN RUN/MOBILE ORDER MAINTENANCE SWEEP,0.06277842527288677
VEHICLE ACCIDENT: PERSON PINNED,0.06082182487967513
INVESTIGATE/POSSIBLE CRIME: NARCO SALES/TRANSIT,0.06069028649517054
ASSAULT (IN PROGRESS): SHOTS/OUTSIDE,0.06068094219690793
LARCENY (PAST): FROM PERSON/TRANSIT,0.05710056178733441
INVESTIGATE/POSSIBLE CRIME: SHOTS FIRED/OUTSIDE,0.05420799157978907
ALARMS: OTHER/HOLDUP,0.053728632307153745
DISPUTE: LTD ACC HWY,0.05354112724760702
DISPUTE: PROJECT AWARE/DOMESTIC VIOLENCE ALARM,0.053377835277084194
FIRE: FACTORY,0.052596853402511835
FIRE: VEHICLE,0.05242481368609169
OTHER CRIMES (PAST): HARASSMENT/INSIDE,0.05221781765520891
VISIBILITY PATROL: DIRECTED,0.051304964433502895
OTHER CRIMES (IN PROGRESS): HARASSMENT/LTD ACC HWY,0.04887718971103922
VEHICLE ACCIDENT: DISPUTE/LTD ACC HWY,0.04876437036787828
HAZ MAT: LTD ACC HWY,0.048474584393136184
ALARMS: AUDIBLE/SCHOOL,0.04783813069899162
VEHICLE ACCIDENT: SPECIAL CONDITION/LTD ACC HWY,0.04697214081520471
LARCENY (PAST): OTHER/LTD ACC HWY,0.043177282145971406
UNUSUAL INCIDENT,0.0399553820628883
ROBBERY (IN PROGRESS): RESIDENCE,0.03981841824229556
OTHER NON-CRIME INCIDENT (SPECIFY): LTD ACC HWY,0.03966340987659737
OTHER CRIMES (PAST): OTHER/INSIDE,0.03706990240414866
FIRE: COMMERCIAL,0.035785877148811165
OTHER CRIMES (IN PROGRESS): CRIM MISCHIEF/INSIDE,0.03542188825362862
FIRE: HOSPITAL,0.03440086070805574
FIRE: HOTEL/MOTEL,0.03223540455950503
ROBBERY (PAST): RESIDENCE,0.0318908303978372
AMBULANCE CASE: RMP NOT REQ,0.03099281540943619
ASSAULT (IN PROGRESS): KNIFE/SCHOOL,0.03055269502383681
OTHER CRIMES (IN PROGRESS): GRAFF VANDALISM/TRANSIT,0.030418527999374535
LARCENY (PAST): VEHICLE/INSIDE,0.030336899841332955
DISPUTE: FIREARM/FAMILY,0.030318867755524635
DISPUTE: FIREARM/OUTSIDE,0.02910403497379574
TRAFFIC/PARKING COND,0.02861766500230242
AMBULANCE CASE: WATER RESCUE,0.02734858318786502
DISPUTE: FIREARM/INSIDE,0.026946367698384332
SEE COMPLAINANT: OTHER/INSIDE,0.024818446796202903
INVESTIGATE/POSSIBLE CRIME: KNIFE/TRANSIT,0.024635702988261197
SUSP PACKAGE: LTD ACC HWY,0.02435263580296556
OTHER-CRIME INCIDENT: MARIJUANA/INSIDE,0.024091419214432558
COMMUNITY EVENT,0.02320686989627722
ASSAULT (PAST): KNIFE/INSIDE,0.020175357299209308
SEE COMPLAINANT: OTHER/LTD ACC HWY,0.020012403971663328
INVESTIGATE/POSSIBLE CRIME: CALLS FOR HELP/LTD ACC HWY,0.019940415748205657
VEHICLE ACCIDENT: INJURY/LTD ACC HWY,0.01961862324796854
ASSAULT (PAST): WEAPON/INSIDE,0.019207069553493068
OTHER CRIMES (PAST): HARASSMENT/TRANSIT,0.01879191463921555
ASSAULT (IN PROGRESS): WEAPON/SCHOOL,0.016572657490052142
BURGLARY (IN PROGRESS): OTHER/SCHOOL,0.01628810964006146
ROBBERY (IN PROGRESS): OTHER/LTD ACC HWY,0.015716578597644703
FIRE: VEHICLE/LTD ACC HWY,0.015472296309490575
DISORDERLY: GROUP/INSIDE,0.011246582934249669
ROBBERY (PAST): OTHER/TRANSIT,0.010844450061486178
INVESTIGATE/POSSIBLE CRIME: SERIOUS OTHER/LTD ACC HWY,0.010576916897071747
AMBULANCE CASE: RESCUE/TRANSIT,0.010520506203482959
UTILITY TROUBLE (SPECIFY),0.010261092742609798
ASSAULT (IN PROGRESS): WEAPON/TRANSIT,0.010042680498113852
INVESTIGATE/POSSIBLE CRIME: SUSP PERSON/SCHOOL (PROWLER),0.00996843160914683
FIRE: OTHER/TRANSIT,0.0098808054202548
VEHICLE ACCIDENT: OTHER/LTD ACC HWY,0.00952406063603539
AMBULANCE CASE: RESCUE/OUTSIDE,0.008438585261434844
VEHICLE ACCIDENT: OTHER,0.0065256315034329096
AMBULANCE CASE: UNCONSCIOUS/LTD ACC HWY,0.006187780597746944
SEE COMPLAINANT: 85 - MOS/TRANSIT,0.005452850890158483
FIRE: BLDG UNDER CONSTRUCTION/DEMOLITION,0.005216861256445085
SEE COMPLAINANT: ACS WORKER/IN,0.004413033097821993
ASSAULT (PAST): WEAPON/OUTSIDE,0.0037523775193948673
UNUSUAL INCIDENT: TRANSIT,0.003504149710543226
INVESTIGATE/POSSIBLE CRIME: MARIJUANA/TRANSIT,0.0032444085661116097
FIRE: OTHER/OUTSIDE,0.001147145187731813
PO/SECURITY HOLDING SUSPECT: UNKNOWN/INSIDE,0.0010729011778767789
ASSAULT (IN PROGRESS): WEAPON/INSIDE,0.0005774580267683408
FIRE: EXPLOSION,-0.0012285367751890233
BROADCAST: CHASE/PURSUIT,-0.0020806122909511125
OTHER CRIMES (IN PROGRESS): CRIM MISCHIEF/OUTSIDE,-0.002884120520956103
PO/SECURITY HOLDING SUSPECT: UNKNOWN/OUTSIDE,-0.004142803536727308
ASSAULT (IN PROGRESS): WEAPON/FAMILY,-0.004431728801243716
VERIFY AMB NEEDED: TRANSIT,-0.004641095537554869
FIRE: BRUSH,-0.004648759494917787
INVESTIGATE/POSSIBLE CRIME: SHOTS FIRED/TRANSIT,-0.004783318771036765
SUSP SUBSTANCE: LTD ACC HWY,-0.004878132008016205
ASSAULT (IN PROGRESS): KNIFE/INSIDE,-0.005033123535121047
ROBBERY (IN PROGRESS): BANK,-0.0050865115711615705
LARCENY (PAST): OTHER/SCHOOL,-0.006345387684563705
ROVING BAND: LTD ACC HWY,-0.006761074175831553
ALARMS: AUDIBLE/OUTSIDE,-0.006975047299747989
DISPUTE: KNIFE/OUTSIDE,-0.007379887756995837
ASSAULT (PAST): OTHER/FAMILY,-0.007686606656915183
DISPUTE: KNIFE/INSIDE,-0.008551108191295247
SEX OFFENDER HA ADDRESS VERIFY,-0.008687682483095427
OTHER NON-CRIME INCIDENT (SPECIFY),-0.009152010955834488
OTHER,-0.010349676107564501
DISPUTE: OUTSIDE,-0.010399334925302848
FIRE: OTHER/SCHOOL,-0.010609127884987744
ASSIST POLICE OFFICER: CIV CLOTHES/OUTSIDE,-0.012116366332414929
ASSIST POLICE OFFICER: UNKNOWN/INSIDE,-0.013564832109151562
OTHER CRIMES (PAST): CRIM MISCHIEF/TRANSIT,-0.014070933370464566
ASSAULT (PAST): SHOTS/INSIDE,-0.01467517577056093
AMBULANCE CASE: OTHER/LTD ACC HWY,-0.01495824109788222
SUSP SUBSTANCE: TRANSIT,-0.01533654122323662
LARCENY (PAST): FROM PERSON/INSIDE,-0.01629714228434612
LARCENY (IN PROGRESS): VEHICLE/OUTSIDE,-0.01660776661984724
ASSAULT (IN PROGRESS): KNIFE/TRANSIT,-0.018588423777703054
INVESTIGATE/POSSIBLE CRIME: SUSP VEHICLE/LTD ACC HWY,-0.018688331560047372
LARCENY (IN PROGRESS): FROM PERSON/OUTSIDE,-0.019199846922578225
INVESTIGATE/POSSIBLE CRIME: OTHER/TRANSIT,-0.02150847700103201
ASSAULT (IN PROGRESS): KNIFE/OUTSIDE,-0.022285546474063358
PO/SECURITY HOLDING SUSPECT: UNIFORM/OUTSIDE,-0.02365177981949535
BUS INVESTIGATION/TRANSIT,-0.024372017451118985
OTHER CRIMES (IN PROGRESS): CRIM MISCHIEF/SCHOOL,-0.024672556553767117
SUSP LETTER: INSIDE,-0.024820962627245285
FIRE: CHURCH,-0.025585740045564683
AMBULANCE CASE: SEVERED LIMB/INSIDE,-0.025875129277318453
ASSAULT (IN PROGRESS): OTHER/TRANSIT,-0.026051782020454415
FIRE: BRUSH/LTD ACC HWY,-0.026210933763786522
OTHER CRIMES (PAST): CRIM MISCHIEF/LTD ACC HWY,-0.026385469827757094
ASSAULT (PAST): OTHER/CHILD ABUSE,-0.02665807499511408
BURGLARY (IN PROGRESS): COMMERCIAL,-0.0271829690536734
AMBULANCE CASE: BURN SERIOUS/OUTSIDE,-0.027302846488195743
FIRE: PUBLIC/OTHER,-0.02754885628967029
ASSAULT (PAST): WEAPON/FAMILY,-0.028557905570207102
ASSIST AMB: DISPUTE,-0.02967946065526905
OTHER CRIMES (IN PROGRESS): CRIM MISCHIEF/TRANSIT,-0.031156856058818034
ASSAULT (IN PROGRESS): KNIFE/FAMILY,-0.03166363825761248
OTHER CRIMES (IN PROGRESS): HARASSMENT/TRANSIT,-0.03176774501793703
ASSAULT (IN PROGRESS): OTHER/CHILD ABUSE,-0.03183595268477435
INVESTIGATE/POSSIBLE CRIME: SERIOUS/OTHER,-0.03317271549723028
FIRE: OUTSIDE RUBBISH,-0.03318808980878821
DISPUTE: KNIFE/FAMILY,-0.033408129025408816
AMBULANCE CASE: RESCUE/SCHOOL,-0.03357101148896934
ROBBERY (IN PROGRESS): OTHER/INSIDE,-0.03386831026550992
OTHER CRIMES (IN PROGRESS): GRAFFITI VANDALISM,-0.03394880057325171
SUSP PACKAGE: INSIDE,-0.03457598343977343
OTHER CRIMES (PAST): OTHER/OUTSIDE,-0.03546232850242093
ASSAULT (IN PROGRESS): KNIFE/CHILD ABUSE,-0.036621324118474616
ALARMS: AUDIBLE/INSIDE,-0.03662572695135655
DISPUTE: KNIFE/TRANSIT,-0.0376069272949893
AMBULANCE CASE: SERIOUS/LTD ACC HWY,-0.0378307267644137
VERIFY AMB NEEDED: LTD ACC HWY,-0.038415187431485746
FIRE: FIRE UNKNOWN,-0.038665360228589137
ASSIST POLICE OFFICER: CIV CLOTHES/INSIDE,-0.03965493915391653
ASSIST POLICE OFFICER: CIV CLOTHES/LTD ACC HWY,-0.04058563218408797
AMBULANCE CASE: SERIOUS/SCHOOL,-0.04092423074607747
SUSP SUBSTANCE: OUTSIDE,-0.041720012252752424
OTHER NON-CRIME INCIDENT: NARCO SALE/INSIDE,-0.04351772205705049
AMBULANCE CASE: HEAVY BLEEDING/TRANSIT,-0.04425738171033796
AMBULANCE CASE: EDP/LTD ACC HWY,-0.04467574403306347
OTHER CRIMES (PAST): HARASSMENT/OUTSIDE,-0.04524465201912066
ASSIST POLICE OFFICER: UNKNOWN/OUTSIDE,-0.045586963805684916
PO/SECURITY HOLDING SUSPECT: UNKNOWN/TRANSIT,-0.04591006474805139
AMBULANCE CASE: CARDIAC/OUTSIDE,-0.04604925429296507
DISABLED VEHICLE: LTD ACC HWY,-0.046825082688862076
AMBULANCE CASE: OTHER/TRANSIT,-0.04689380588126636
DISORDERLY: PERSON/LTD ACC HWY,-0.04731539212397394
ASSAULT (IN PROGRESS): WEAPON/OUTSIDE,-0.04746996030405947
FIRE: RESIDENCE PRIVATE HOUSE,-0.047573962042651706
BURGLARY (PAST): COMMERCIAL,-0.048129495579895085
OTHER CRIMES (IN PROGRESS): VIOL ORDER PROTECT/INSIDE,-0.04821332246352646
OTHER CRIMES (IN PROGRESS): PANIC ALARM ATS,-0.048380553152384834
DISPUTE: FIREARM/LTD ACC HWY,-0.0489508201447053
ROBBERY (PAST): OTHER/INSIDE,-0.049336752320633996
VEHICLE ACCIDENT: HIT BY AUTO,-0.04963995213679134
FIRE: STORE/TRANSIT,-0.049790547407996384
AMBULANCE CASE: BURN SERIOUS/INSIDE,-0.04986288132401432
LARCENY (PAST): FROM PERSON/OUTSIDE,-0.05060476780577072
SEE COMPLAINANT: ASSIST MARSHALL/INSIDE,-0.051027692337736894
AMBULANCE CASE: EDP/TRANSIT,-0.051303150771379924
INVESTIGATE/POSSIBLE CRIME: KNIFE/LTD ACC HWY,-0.05236497827383922
LARCENY (IN PROGRESS): VEHICLE/INSIDE,-0.05256636794283044
OTHER NON-CRIME INCIDENT (SPECIFY): TRANSIT,-0.05305993418082958
INVESTIGATE/POSSIBLE CRIME: CALLS FOR HELP/TRANSIT,-0.05394017228448985
AMBULANCE CASE: CARDIAC/TRANSIT,-0.054862159879324676
STATION INSPECTION BY TRANSIT BUREAU PERSONNEL,-0.05607194094433438
DISORDERLY: GROUP/OUTSIDE,-0.05634282452320671
DISORDERLY: NOISE/INSIDE,-0.05657431290911088
DISPUTE: TRANSIT,-0.05665383914309638
EXPLOSIVE DEVICE OR THREAT: POSSIBLE BOMB,-0.05666900090783657
INVESTIGATE/POSSIBLE CRIME: MARIJUANA/INSIDE,-0.05866974595087669
LARCENY (IN PROGRESS): FROM PERSON/INSIDE,-0.0595344778252034
ALARMS: RESIDENTIAL/ HOLDUP,-0.06059201295824785
ASSAULT (IN PROGRESS): WEAPON/LTD ACC HWY,-0.060717485140871365
OTHER CRIMES (PAST): CRIMINAL MISCHIEF,-0.060820490657578705
FIRE: OTHER/INSIDE,-0.06272651785436101
OTHER CRIMES (IN PROGRESS): CRIM MISCHIEF/LTD ACC HWY,-0.06391805247979046
ASSAULT (IN PROGRESS): OTHER/OUTSIDE,-0.06471447668679778
DISPUTE: FAMILY,-0.06494372602849284
PO/SECURITY HOLDING SUSPECT: UNIFORM/TRANSIT,-0.06615456617137948
EXPLOSIVE DEVICE OR THREAT: POSSIBLE BOMB/SCHOOL,-0.06693486677673796
AMBULANCE CASE: EDP/INSIDE,-0.06960543864219405
OTHER CRIMES (IN PROGRESS): VIOL ORDER PROTECT/OUTSIDE,-0.06969892359646702
INVESTIGATE/POSSIBLE CRIME: SUSP PERSON/LTD ACC HWY,-0.07143656009133537
ASSAULT (PAST): KNIFE/OUTSIDE,-0.072616457672915
OTHER CRIMES (IN PROGRESS): HARASSMENT/OUTSIDE,-0.07341751479541155
INVESTIGATE/POSSIBLE CRIME: CALLS FOR HELP/SCHOOL,-0.07397583882085842
VEHICLE ACCIDENT: HIT BY AUTO/LTD ACC HWY,-0.0742291072425187
AMBULANCE CASE: INJURY/OUTSIDE,-0.07430678405473719
VERIFY AMB NEEDED,-0.07446446483994476
EXPLOSIVE DEVICE OR THREAT: POSSIBLE BOMB/TRANSIT,-0.07480527352829246
INVESTIGATE/POSSIBLE CRIME: SUSP VEHICLE/INSIDE,-0.0748138449179182
SEE COMPLAINANT: OTHER/OUTSIDE,-0.07503502651959112
AMBULANCE CASE: SEVERED LIMB/OUTSIDE,-0.07685780337745911
ASSAULT (IN PROGRESS): OTHER/INSIDE,-0.07728408796814273
SUSP PACKAGE: OUTSIDE,-0.07737463513671397
ASSAULT (IN PROGRESS): SHOTS/FAMILY,-0.07757675975841144
DISORDERLY: NOISE/OUTSIDE,-0.07760702284028481
ROBBERY (PAST): COMMERCIAL,-0.0777728992790944
ASSAULT (PAST): OTHER/TRANSIT,-0.07784143314284554
ASSAULT (IN PROGRESS): WEAPON/CHILD,-0.07823022103561815
SEE COMPLAINANT: ASSIST MARSHALL/OUTSIDE,-0.07836372224532658
ASSAULT (IN PROGRESS): OTHER/FAMILY,-0.07847040790291439
SEE COMPLAINANT: 85 - MOS/INSIDE,-0.07947330540644257
AMBULANCE CASE: UNCONSCIOUS/OUTSIDE,-0.07952228304098276
FIRE: FIRE MULTI DWELLING,-0.0797744865417419
SEE COMPLAINANT: 85 - MOS/OUTSIDE,-0.08043677166096658
AMBULANCE CASE: EDP/OUTSIDE,-0.08103259657158988
SEE COMPLAINANT: ACS WORKER/OUTSIDE,-0.0826614201563855
LARCENY (PAST): VEHICLE/OUTSIDE,-0.08272371303084174
PO/SECURITY HOLDING SUSPECT: UNKNOWN,-0.08283291203938482
ALARMS: COMMERCIAL/BURGLARY,-0.08318313332337807
SEE COMPLAINANT: ACS WORKER/INSIDE,-0.08385804281999876
FIRE: STORE,-0.08448231315333236
LARCENY (IN PROGRESS): OTHER/TRANSIT,-0.08493846834722421
ASSAULT (IN PROGRESS): OTHER/LTD ACC HWY,-0.08498279657962599
ALARMS: RESIDENTIAL/BURGLARY,-0.08612441930538625
AMBULANCE CASE: OTHER/OUTSIDE,-0.08714550824934454
ALARMS: AUDIBLE/TRANSIT,-0.08994035998123157
SUSP PACKAGE: TRANSIT,-0.0902701705711469
HAZ MAT: TRANSIT,-0.09087926302507468
INVESTIGATE/POSSIBLE CRIME: POSSIBLE CHILD ABUSE,-0.09096792063326917
AMBULANCE CASE: SERIOUS/TRANSIT,-0.09136407881540955
ALARMS: OTHER/BURGLARY,-0.09156217614413485
AMBULANCE CASE: HEAVY BLEEDING/OUTSIDE,-0.09198955313319963
BURGLARY (PAST): OTHER,-0.09202957199792325
AMBULANCE CASE: INJURY/TRANSIT,-0.09268788353226129
ROBBERY (IN PROGRESS): OTHER/OUTSIDE,-0.09277513985003748
OTHER CRIMES (PAST): TRESPASS/INSIDE,-0.09319924358855783
UTILITY TROUBLE (SPECIFY): LTD ACC HWY,-0.09343341507701071
AMBULANCE CASE: RESCUE/INSIDE,-0.09358636533133499
LARCENY (IN PROGRESS): FROM PERSON/TRANSIT,-0.09369475419154638
DISORDERLY: GROUP/LTD ACC HWY,-0.0942526189263294
INVESTIGATE/POSSIBLE CRIME: FIREARM/INSIDE,-0.0952431877734685
OTHER CRIMES (IN PROGRESS): HARASSMENT/INSIDE,-0.09696248734317592
LARCENY (PAST): VEHICLE/LTD ACC HWY,-0.09789398125029135
INVESTIGATE/POSSIBLE CRIME: OTHER/INSIDE,-0.09849563670674753
INVESTIGATE/POSSIBLE CRIME: OTHER/OUTSIDE,-0.10034805313545765
SPANISH TRANSFER,-0.10054068354394455
DISORDERLY: GROUP/TRANSIT,-0.10057825001199475
AMBULANCE CASE: UNCONSCIOUS/TRANSIT,-0.10345763415743418
ASSAULT (PAST): OTHER/INSIDE,-0.10384284209538878
OTHER CRIMES (IN PROGRESS): OTHER/OUTSIDE,-0.10448977843532609
DISORDERLY: PERSON/OUTSIDE,-0.10449311121376276
DISORDERLY: PERSON/TRANSIT,-0.10787796048025276
LARCENY (IN PROGRESS): VEHICLE/LTD ACC HWY,-0.10848938449083595
DISPUTE: VIOL ORDER PROTECT/OUTSIDE,-0.10854192575987028
LARCENY (PAST): OTHER/TRANSIT,-0.1088278496847205
ASSIST POLICE OFFICER: UNKNOWN/LTD ACC HWY,-0.10955485051323513
OTHER CRIMES (IN PROGRESS): HARASSMENT/SCHOOL,-0.11020797270431948
INVESTIGATE/POSSIBLE CRIME: FIREARM/TRANSIT,-0.11063296911351794
OTHER CRIMES (PAST): OTHER/TRANSIT,-0.11136791679905629
ASSIST POLICE OFFICER: UNKNOWN,-0.11259481171325095
OTHER CRIMES (IN PROGRESS): DOMESTIC PANIC ALARM ATS,-0.11268207348924002
PANIC ALARM,-0.11450757477069028
AMBULANCE CASE: HEAVY BLEEDING/INSIDE,-0.11466029808458666
INVESTIGATE/POSSIBLE CRIME: NARCO SALES/LTD ACC HWY,-0.11508001448434589
ASSAULT (PAST): OTHER/OUTSIDE,-0.1150833735147953
AMBULANCE CASE: CARDIAC/SCHOOL,-0.11669697847687739
ROBBERY (PAST): OTHER/OUTSIDE,-0.11807386408921215
BURGLARY (PAST): RESIDENCE,-0.11833086277567721
OTHER CRIMES (IN PROGRESS): TRESPASS/OUTSIDE,-0.11905254038318094
OTHER CRIMES (PAST): FAREBEAT/TRESPASS,-0.11934883955483125
FIRE: TRAIN OR TRACKS/TRANSIT,-0.1203043161261177
DISPUTE: VIOL ORDER PROTECT/TRANSIT,-0.12212630503875882
ALARMS: COMMERCIAL/HOLDUP,-0.12235133480833356
INVESTIGATE/POSSIBLE CRIME: KNIFE/INSIDE,-0.12268519078236421
ASSAULT (PAST): WEAPON/TRANSIT,-0.12276833454098135
INVESTIGATE/POSSIBLE CRIME: OTHER/SCHOOL,-0.12406829433140286
INVESTIGATE/POSSIBLE CRIME: NARCO SALES/INSIDE,-0.12524475766604626
ASSIST POLICE OFFICER: UNIFORM/TRANSIT,-0.12642019867173188
ASSIST POLICE OFFICER: UNIFORM/OUTSIDE,-0.12648440347304932
INVESTIGATE/POSSIBLE CRIME: SERIOUS OTHER/TRANSIT,-0.12741267220467223
HAZ MAT: INSIDE,-0.12746691996665516
AMBULANCE CASE: EDP/SCHOOL,-0.12914818342867085
DISPUTE: VIOL ORDER PROTECT/INSIDE,-0.12918115346962294
LARCENY (PAST): OTHER/INSIDE,-0.13024944425100204
SEE COMPLAINANT: SERVING SUMMONS/OUTSIDE,-0.13267034489804092
OTHER CRIMES (PAST): TRESPASS/OUTSIDE,-0.13310035519953584
AMBULANCE CASE: SERIOUS/OUTSIDE,-0.1331942539446623
OTHER CRIMES (IN PROGRESS): VIOL ORDER PROTECT/FAMILY,-0.13485821134181164
HAZ MAT: OUTSIDE,-0.13560618539979877
OTHER CRIMES (IN PROGRESS): OTHER/INSIDE,-0.13958905363477755
ASSIST POLICE OFFICER: UNIFORM/INSIDE,-0.139802001261809
OTHER-CRIME INCIDENT: MARIJUANA/OUTSIDE,-0.1405720663880046
TEXT OTHER,-0.1416354445086702
ASSAULT (PAST): OTHER/SCHOOL,-0.1462948695075186
10-53 NO RMP REQUIRED,-0.1472631437189398
OTHER CRIMES (IN PROGRESS): OTHER/TRANSIT,-0.14928123254445874
SEE COMPLAINANT: OTHER/SCHOOL,-0.14984514100654958
ROBBERY (IN PROGRESS): COMMERCIAL,-0.1501616477181042
INVESTIGATE/POSSIBLE CRIME: KNIFE/OUTSIDE,-0.1519093313955941
OTHER CRIMES (IN PROGRESS): OTHER/LTD ACC HWY,-0.15206308604017607
PO/SECURITY HOLDING SUSPECT: UNIFORM/INSIDE,-0.15228724767417007
INVESTIGATE/POSSIBLE CRIME: CALLS FOR HELP/OUTSIDE,-0.15309442203272433
OTHER CRIMES (IN PROGRESS): TRESPASS/INSIDE,-0.1536739713876263
INVESTIGATE/POSSIBLE CRIME: NARCO SALES/OUTSIDE,-0.1544497676150263
AMBULANCE CASE: SERIOUS/INSIDE,-0.1557119142641682
OTHER CRIMES (PAST): HARASSMENT/SCHOOL,-0.15580228897519224
ASSIST POLICE OFFICER: UNIFORM/LTD ACC HWY,-0.15784856497341632
AMBULANCE CASE: CARDIAC/CPR GIVEN,-0.15843394746920195
BROADCAST: CHASE/PURSUIT/LTD ACC HWY,-0.15865097093173366
INVESTIGATE/POSSIBLE CRIME: CALLS FOR HELP/INSIDE,-0.15934086511196568
INVESTIGATE/POSSIBLE CRIME: KNIFE/SCHOOL,-0.1594642485936725
DISPUTE: VIOL ORDER PROTECT/FAMILY,-0.16467236285249118
VISIBILITY PATROL:PUBLIC/PRIVATE EDUCATIONAL FACILITY,-0.17206504713401669
DISORDERLY: GROUP/SCHOOL,-0.1779697727790708
INVESTIGATE/POSSIBLE CRIME: SUSP PERSON/INSIDE (PROWLER),-0.17809170309962524
BURGLARY (IN PROGRESS): OTHER,-0.17994887128333298
AMBULANCE CASE: CARDIAC/INSIDE,-0.1805602670074544
INVESTIGATE/POSSIBLE CRIME: MARIJUANA/OUTSIDE,-0.18187291887420817
PO/SECURITY HOLDING SUSPECT: CIV CLOTHES/INSIDE,-0.1818870897135297
AMBULANCE CASE: INJURY/INSIDE,-0.1822933932460946
LARCENY (IN PROGRESS): OTHER/INSIDE,-0.1840322799737515
INVESTIGATE/POSSIBLE CRIME: FIREARM/OUTSIDE,-0.1873005496825867
AMBULANCE CASE: INJURY/LTD ACC HWY,-0.18759502751299445
BUS INVESTIGATION,-0.18971832970484723
BURGLARY (PAST): COMMERCIAL/LTD ACC HWY,-0.1910668246819222
ALARMS: BANK/TRANSIT,-0.19125109467318277
AMBULANCE CASE: INJURY/SCHOOL,-0.19165691681361555
DISORDERLY: NOISE/TRANSIT,-0.195179267050929
BURGLARY (IN PROGRESS): RESIDENCE,-0.19520800682994172
INVESTIGATE/POSSIBLE CRIME: NARCO SALES/SCHOOL,-0.19532069296386087
VISIBILITY PATROL: INTERIOR,-0.19694072450254377
FIRE: SCHOOL,-0.2018612754755875
AMBULANCE CASE: UNCONSCIOUS/SCHOOL,-0.20206968357823818
ASSIST POLICE OFFICER: CIV CLOTHES/TRANSIT,-0.2069809261194876
AMBULANCE CASE: UNCONSCIOUS/INSIDE,-0.2093892801466682
LARCENY (IN PROGRESS): OTHER/SCHOOL,-0.20954817874752948
311 REFERRAL,-0.21028382495616627
ASSAULT (IN PROGRESS): SHOTS/LTD ACC HWY,-0.21098415429112563
PANIC ALARM: LTD ACC HWY,-0.2141687749264988
ALL OUT DIRECTED,-0.21658331738905184
LARCENY (IN PROGRESS): OTHER/OUTSIDE,-0.23312812363748653
BURGLARY (IN PROGRESS): COMMERCIAL/TRANSIT,-0.23801611199137102
AMBULANCE CASE: SEVERED LIMB/TRANSIT,-0.24022390449541195
DISPUTE: KNIFE/LTD ACC HWY,-0.2514915046372291
VISIBILITY PATROL: WARRANT CHECK,-0.25152207192803117
ASSAULT (PAST): KNIFE/TRANSIT,-0.2517900629978357
LARCENY (PAST): OTHER/OUTSIDE,-0.2611938669973571
DISORDERLY: PERSON/SCHOOL,-0.2753119970654872
ALARMS: COMMERCIAL/LTD ACC HWY,-0.28893047838339786
INVESTIGATE/POSSIBLE CRIME: SUSP VEHICLE/OUTSIDE,-0.29847401971476933
VISIBILITY PATROL: LICENSED PREMISE,-0.30031327388837625
DEPARTMENTAL TOW - PCT USE ONLY,-0.3029229336312077
INVESTIGATE/POSSIBLE CRIME: SUSP VEHICLE/TRANSIT,-0.3232448509763183
AMBULANCE CASE: SEVERED LIMB/SCHOOL,-0.37269286639502475
INVESTIGATE/POSSIBLE CRIME: FIREARM/SCHOOL,-0.38674200966375627
SEE COMPLAINANT: OTHER/TRANSIT,-0.3968443154072153
OTHER CRIMES (IN PROGRESS): GRAFF VANDALISM/LTD ACC HWY,-0.3995891344107826
INVESTIGATE/POSSIBLE CRIME: SUSP PERSON/TRANSIT,-0.40167155443824054
FIRE: EXPLOSION/TRANSIT,-0.40366231324295554
FIRE: THEATRE/TV STUDIO,-0.41338349037044625
SEE COMPLAINANT: SERVING SUMMONS/INSIDE,-0.4262380033874478
OTHER CRIMES (PAST): TRESPASS/TRANSIT,-0.4333666659560879
ASSAULT (PAST): KNIFE/SCHOOL,-0.4371303714330518
TRANSIT PATROL/INSPECTION BY NON-TRANSIT BUREAU PERSONNEL,-0.47589314009520367
INVESTIGATE/POSSIBLE CRIME: SUSP PERSON/OUTSIDE (PROWLER),-0.5063961245974224
ASSAULT (PAST): OTHER/LTD ACC HWY,-0.537706945503462
OTHER CRIMES (IN PROGRESS): OTHER/SCHOOL,-0.5605900824623106
ASSAULT (IN PROGRESS): SHOTS/SCHOOL,-0.596724405985185
SEE COMPLAINANT: ASSIST MARSHALL/TRANSIT,-0.6240526491036336
EXPLOSIVE DEVICE OR THREAT: POSSIBLE BOMB/LTD ACC HWY,-0.6607143526869247
VEHICLE SAFETY,-0.7156841027478419
LARCENY (IN PROGRESS): VEHICLE/TRANSIT,-0.7862157362876814
LARCENY (IN PROGRESS): FROM PERSON/LTD ACC HWY,-0.8067551425937171
ASSAULT (PAST): KNIFE/CHILD ABUSE,-0.8153397886193472
AMBULANCE CASE: BURN SERIOUS/LTD ACC HWY,-1.0
BURGLARY (PAST): OTHER/LTD ACC HWY,-1.0
DISPUTE: FIREARM/SCHOOL,-1.0
INVESTIGATE/POSSIBLE CRIME: SUSP VEHICLE/SCHOOL,-1.0
SUSP SUBSTANCE: SCHOOL,-1.0
OTHER CRIMES (PAST): TRESPASS/SCHOOL,-1.0
BURGLARY (IN PROGRESS): OTHER/LTD ACC HWY,nan
PO/SECURITY HOLDING SUSPECT: UNKNOWN/LTD ACC HWY,nan
